movieId,imdbId,tmdbId
1,100001,200001
2,100002,200002
3,100003,200003
4,100004,200004
5,100005,200005
6,100006,200006
7,100007,200007
8,100008,200008
9,100009,200009
10,100010,200010
11,100011,200011
12,100012,200012
13,100013,200013
14,100014,200014
15,100015,200015
16,100016,200016
17,100017,200017
18,100018,200018
19,100019,200019
20,100020,200020
21,100021,200021
22,100022,200022
23,100023,200023
24,100024,200024
25,100025,200025
26,100026,200026
27,100027,200027
28,100028,200028
29,100029,200029
30,100030,200030
31,100031,200031
32,100032,200032
33,100033,200033
34,100034,200034
35,100035,200035
36,100036,200036
37,100037,200037
38,100038,200038
39,100039,200039
40,100040,200040
41,100041,200041
42,100042,200042
43,100043,200043
44,100044,200044
45,100045,200045
46,100046,200046
47,100047,200047
48,100048,200048
49,100049,200049
50,100050,200050
51,100051,200051
52,100052,200052
53,100053,200053
54,100054,200054
55,100055,200055
56,100056,200056
57,100057,200057
58,100058,200058
59,100059,200059
60,100060,200060
61,100061,200061
62,100062,200062
63,100063,200063
64,100064,200064
65,100065,200065
66,100066,200066
67,100067,200067
68,100068,200068
69,100069,200069
70,100070,200070
71,100071,200071
72,100072,200072
73,100073,200073
74,100074,200074
75,100075,200075
76,100076,200076
77,100077,200077
78,100078,200078
79,100079,200079
80,100080,200080
81,100081,200081
82,100082,200082
83,100083,200083
84,100084,200084
85,100085,200085
86,100086,200086
87,100087,200087
88,100088,200088
89,100089,200089
90,100090,200090
91,100091,200091
92,100092,200092
93,100093,200093
94,100094,200094
95,100095,200095
96,100096,200096
97,100097,200097
98,100098,200098
99,100099,200099
100,100100,200100
