userId,sessionId,movieId,action,timestamp
1,1-0,6,impression,1700998057
1,1-0,71,click,1700816243
1,1-0,16,click,1700354655
1,1-0,5,click,1700501408
1,1-0,49,watchlist_add,1700193054
1,1-0,42,impression,1700146395
1,1-0,55,click,1700900790
1,1-1,35,impression,1700808443
1,1-1,82,impression,1700018582
1,1-1,71,impression,1700367716
1,1-1,20,trailer_view,1700859592
1,1-1,68,trailer_view,1700476238
1,1-1,7,impression,1700239491
1,1-2,81,click,1700018779
1,1-2,50,click,1700219435
1,1-2,67,impression,1700925865
1,1-2,38,impression,1700420270
1,1-2,60,trailer_view,1700507588
1,1-2,40,impression,1700139117
1,1-3,63,click,1700116278
1,1-3,77,trailer_view,1700367704
1,1-3,65,click,1700398940
1,1-3,42,watchlist_add,1700139819
1,1-3,46,impression,1700671680
1,1-3,8,trailer_view,1700779995
1,1-3,11,trailer_view,1700544242
1,1-3,35,watchlist_add,1700332428
1,1-3,93,trailer_view,1700855197
1,1-3,73,impression,1700581347
1,1-3,44,impression,1700193194
2,2-0,95,trailer_view,1700767564
2,2-0,58,watchlist_add,1700323487
2,2-0,98,watchlist_add,1700959450
2,2-0,66,trailer_view,1700933044
2,2-0,29,trailer_view,1700352389
2,2-0,85,trailer_view,1700084570
2,2-0,36,watchlist_add,1700249231
2,2-0,26,impression,1700971138
2,2-0,28,watchlist_add,1700602863
2,2-0,90,trailer_view,1700759286
2,2-0,5,trailer_view,1700793711
2,2-1,58,watchlist_add,1700065023
2,2-1,1,trailer_view,1700048832
2,2-1,40,impression,1700417235
2,2-1,67,click,1700342076
2,2-1,24,watchlist_add,1700665894
2,2-1,18,impression,1700783695
2,2-1,20,impression,1700377300
2,2-2,67,click,1700639188
2,2-2,79,trailer_view,1700888199
2,2-2,64,watchlist_add,1700953553
2,2-2,28,impression,1700306348
2,2-2,34,click,1700798219
2,2-2,100,trailer_view,1700285158
2,2-2,75,impression,1700101249
2,2-2,16,click,1700650534
2,2-2,60,impression,1700856330
2,2-2,99,click,1700134827
2,2-3,84,impression,1700952287
2,2-3,41,trailer_view,1700123388
2,2-3,38,impression,1700012237
2,2-3,88,click,1700181458
2,2-3,44,watchlist_add,1700757879
2,2-3,48,watchlist_add,1700606254
2,2-3,44,trailer_view,1700654695
2,2-3,60,watchlist_add,1700543305
2,2-3,9,impression,1700819226
2,2-3,55,watchlist_add,1700052189
2,2-3,26,watchlist_add,1700441512
2,2-4,44,watchlist_add,1700395274
2,2-4,17,click,1700178995
2,2-4,79,watchlist_add,1700324286
2,2-4,25,trailer_view,1700471547
2,2-4,68,watchlist_add,1700856066
2,2-4,72,watchlist_add,1700266798
2,2-4,47,click,1700055289
2,2-5,87,impression,1700183285
2,2-5,59,impression,1700156341
2,2-5,83,impression,1700070694
2,2-5,17,click,1700234263
2,2-5,92,trailer_view,1700168114
2,2-5,13,click,1700561819
2,2-5,65,impression,1700015904
2,2-5,78,click,1700179805
2,2-5,86,impression,1700413176
2,2-5,88,click,1700642281
3,3-0,24,impression,1700937684
3,3-0,10,trailer_view,1700668482
3,3-0,48,click,1700739313
3,3-0,90,impression,1700694067
3,3-0,73,trailer_view,1700869280
3,3-0,54,watchlist_add,1700352372
3,3-0,79,impression,1700062318
3,3-0,90,impression,1700670775
3,3-0,65,watchlist_add,1700590216
3,3-0,69,trailer_view,1700279952
3,3-0,5,trailer_view,1700723562
3,3-0,77,watchlist_add,1700719992
3,3-1,94,impression,1700331397
3,3-1,47,click,1700473659
3,3-1,34,watchlist_add,1700884955
3,3-1,17,impression,1700429516
3,3-1,91,impression,1700182702
3,3-1,57,impression,1700499697
3,3-1,96,trailer_view,1700664888
3,3-1,66,click,1700441167
3,3-1,81,trailer_view,1700617777
3,3-1,85,watchlist_add,1700741714
3,3-1,79,trailer_view,1700559580
3,3-2,43,watchlist_add,1700750392
3,3-2,79,watchlist_add,1700927286
3,3-2,68,watchlist_add,1700571600
3,3-2,41,watchlist_add,1700910485
3,3-2,98,trailer_view,1700786600
3,3-2,26,click,1700623544
3,3-2,80,impression,1700771482
3,3-2,24,watchlist_add,1700853323
3,3-2,13,trailer_view,1700743590
3,3-2,36,impression,1700313061
3,3-3,100,impression,1700274628
3,3-3,79,click,1700800559
3,3-3,69,watchlist_add,1700871963
3,3-3,46,impression,1700498399
3,3-3,34,impression,1700578125
3,3-3,98,watchlist_add,1700151818
3,3-3,53,impression,1700913076
3,3-3,6,trailer_view,1700693576
3,3-3,12,watchlist_add,1700170494
3,3-3,84,click,1700601210
4,4-0,61,impression,1700728224
4,4-0,46,impression,1700915556
4,4-0,1,trailer_view,1700651289
4,4-0,42,trailer_view,1700659450
4,4-0,15,trailer_view,1700626865
4,4-0,28,watchlist_add,1700969340
4,4-0,31,watchlist_add,1700073545
4,4-0,82,watchlist_add,1700624217
4,4-0,95,trailer_view,1700429599
4,4-1,34,click,1700106467
4,4-1,48,watchlist_add,1700287388
4,4-1,77,watchlist_add,1700236953
4,4-1,41,impression,1700139985
4,4-1,62,impression,1700987405
4,4-1,39,click,1700952549
4,4-1,8,trailer_view,1700082772
4,4-1,63,impression,1700675190
4,4-2,61,trailer_view,1700077212
4,4-2,10,click,1700891023
4,4-2,73,watchlist_add,1700364129
4,4-2,52,impression,1700574777
4,4-2,26,trailer_view,1700797687
4,4-2,59,trailer_view,1700926189
4,4-2,75,trailer_view,1700231145
4,4-2,55,watchlist_add,1700457156
4,4-3,10,trailer_view,1700503905
4,4-3,38,click,1700131652
4,4-3,92,trailer_view,1700672766
4,4-3,65,trailer_view,1700544495
4,4-3,64,watchlist_add,1700935150
4,4-3,1,trailer_view,1700556890
4,4-3,78,watchlist_add,1700511726
4,4-3,73,impression,1700349729
4,4-3,49,impression,1700621076
4,4-3,34,impression,1700053395
4,4-3,4,impression,1700323920
4,4-3,32,click,1700558214
5,5-0,78,impression,1700744323
5,5-0,100,click,1700769226
5,5-0,60,impression,1700483109
5,5-0,42,impression,1700857845
5,5-0,16,watchlist_add,1700462179
5,5-0,23,impression,1700079255
5,5-0,30,impression,1700772800
5,5-1,96,click,1700785877
5,5-1,1,watchlist_add,1700898385
5,5-1,15,click,1700328965
5,5-1,10,watchlist_add,1700521381
5,5-1,12,impression,1700225598
5,5-1,86,watchlist_add,1700796292
5,5-1,96,trailer_view,1700485750
5,5-1,79,trailer_view,1700969928
5,5-1,26,impression,1700310271
5,5-1,15,click,1700640900
5,5-2,37,impression,1700147044
5,5-2,82,impression,1700443407
5,5-2,49,trailer_view,1700868250
5,5-2,20,trailer_view,1700301550
5,5-2,48,trailer_view,1700622989
5,5-2,44,click,1700808829
5,5-2,64,click,1700482639
5,5-2,98,watchlist_add,1700405079
6,6-0,8,trailer_view,1700905202
6,6-0,48,watchlist_add,1700271084
6,6-0,51,click,1700257898
6,6-0,15,trailer_view,1700913833
6,6-0,6,click,1700559943
6,6-0,32,click,1700501706
6,6-0,44,click,1700505968
6,6-0,44,watchlist_add,1700520805
6,6-0,36,click,1700945258
6,6-0,100,trailer_view,1700913261
6,6-1,61,impression,1700279605
6,6-1,79,impression,1700694446
6,6-1,74,click,1700551558
6,6-1,77,click,1700051638
6,6-1,75,click,1700980584
6,6-1,30,click,1700753968
6,6-1,54,impression,1700763403
6,6-1,90,trailer_view,1700013091
6,6-1,73,trailer_view,1700754487
6,6-1,82,watchlist_add,1700944289
6,6-2,86,watchlist_add,1700571050
6,6-2,7,watchlist_add,1700371091
6,6-2,32,watchlist_add,1700737802
6,6-2,1,trailer_view,1700268886
6,6-2,81,watchlist_add,1700393192
6,6-2,28,trailer_view,1700046870
6,6-2,74,watchlist_add,1700890456
6,6-3,19,watchlist_add,1700123053
6,6-3,15,trailer_view,1700506373
6,6-3,90,watchlist_add,1700173255
6,6-3,83,click,1700590550
6,6-3,30,trailer_view,1700637877
6,6-3,98,impression,1700606811
6,6-3,83,impression,1700998882
6,6-4,75,trailer_view,1700475540
6,6-4,45,impression,1700161675
6,6-4,57,impression,1700689765
6,6-4,39,click,1700588220
6,6-4,89,watchlist_add,1700431166
6,6-4,92,click,1700437620
6,6-4,88,click,1700993638
6,6-4,32,watchlist_add,1700665798
7,7-0,42,impression,1700063745
7,7-0,100,trailer_view,1700907201
7,7-0,33,impression,1700768666
7,7-0,9,impression,1700671948
7,7-0,23,trailer_view,1700772161
7,7-1,52,watchlist_add,1700639597
7,7-1,24,watchlist_add,1700062931
7,7-1,42,watchlist_add,1700831012
7,7-1,2,click,1700389448
7,7-1,2,trailer_view,1700831435
7,7-1,29,watchlist_add,1700137046
7,7-1,9,trailer_view,1700372134
7,7-2,76,click,1700836795
7,7-2,27,trailer_view,1700763821
7,7-2,99,impression,1700760788
7,7-2,73,watchlist_add,1700987762
7,7-2,92,impression,1700450089
7,7-2,16,trailer_view,1700797445
7,7-2,2,click,1700713441
7,7-2,50,click,1700099591
8,8-0,36,click,1700822912
8,8-0,76,watchlist_add,1700843968
8,8-0,42,watchlist_add,1700693888
8,8-0,21,watchlist_add,1700243597
8,8-0,98,impression,1700907894
8,8-0,95,trailer_view,1700098925
8,8-0,91,click,1700496708
8,8-0,13,impression,1700995285
8,8-0,81,watchlist_add,1700550566
8,8-0,43,trailer_view,1700201589
8,8-0,24,impression,1700669678
8,8-0,18,click,1700514478
8,8-1,3,click,1700214243
8,8-1,29,click,1700612688
8,8-1,43,click,1700259046
8,8-1,80,impression,1700921291
8,8-1,91,watchlist_add,1700053041
8,8-1,5,click,1700502680
8,8-1,90,impression,1700636087
8,8-2,4,click,1700278401
8,8-2,22,click,1700931539
8,8-2,58,trailer_view,1700504182
8,8-2,28,impression,1700032730
8,8-2,62,watchlist_add,1700815071
8,8-2,75,trailer_view,1700113640
8,8-2,6,watchlist_add,1700831005
8,8-2,91,impression,1700945314
8,8-2,53,click,1700930011
8,8-3,32,click,1700124716
8,8-3,65,click,1700830682
8,8-3,53,watchlist_add,1700364020
8,8-3,10,impression,1700600129
8,8-3,44,trailer_view,1700102951
8,8-3,28,watchlist_add,1700335295
8,8-3,22,click,1700619142
8,8-3,16,watchlist_add,1700976495
8,8-4,95,click,1700450666
8,8-4,68,impression,1700093957
8,8-4,57,click,1700755531
8,8-4,19,trailer_view,1700504205
8,8-4,9,trailer_view,1700021707
8,8-4,58,impression,1700983767
8,8-4,29,impression,1700423472
8,8-4,8,watchlist_add,1700071572
8,8-4,31,click,1700156697
8,8-4,92,trailer_view,1700138086
8,8-4,73,trailer_view,1700220035
8,8-4,18,click,1700335892
9,9-0,66,watchlist_add,1700615533
9,9-0,74,click,1700019245
9,9-0,23,impression,1700214161
9,9-0,28,click,1700085190
9,9-0,10,impression,1700469232
9,9-0,81,click,1700527157
9,9-0,13,trailer_view,1700227829
9,9-0,79,trailer_view,1700203050
9,9-0,69,trailer_view,1700753744
9,9-0,91,impression,1700050494
9,9-0,4,impression,1700389085
9,9-1,94,trailer_view,1700144205
9,9-1,21,click,1700403682
9,9-1,7,watchlist_add,1700200549
9,9-1,72,click,1700988973
9,9-1,57,trailer_view,1700966326
9,9-1,45,watchlist_add,1700776867
9,9-1,77,impression,1700103875
9,9-1,67,click,1700396772
9,9-1,39,watchlist_add,1700154122
9,9-1,51,watchlist_add,1700911481
9,9-2,89,click,1700327296
9,9-2,82,watchlist_add,1700327496
9,9-2,42,trailer_view,1700004936
9,9-2,88,impression,1700039171
9,9-2,73,impression,1700875559
9,9-3,91,trailer_view,1700549739
9,9-3,48,impression,1700607576
9,9-3,18,impression,1700153006
9,9-3,43,watchlist_add,1700051877
9,9-3,37,click,1700492918
9,9-3,96,click,1700609085
10,10-0,2,trailer_view,1700500654
10,10-0,64,click,1700066102
10,10-0,19,trailer_view,1700106104
10,10-0,80,click,1700794599
10,10-0,87,watchlist_add,1700369522
10,10-0,12,trailer_view,1700291540
10,10-0,54,impression,1700636451
10,10-0,98,watchlist_add,1700933740
10,10-0,65,trailer_view,1700955465
10,10-0,24,click,1700495882
10,10-0,55,impression,1700041414
10,10-0,40,trailer_view,1700910716
10,10-1,63,trailer_view,1700975505
10,10-1,77,watchlist_add,1700791593
10,10-1,59,watchlist_add,1700865647
10,10-1,52,click,1700541120
10,10-1,30,click,1700026036
10,10-1,8,impression,1700334848
10,10-1,26,impression,1700961646
10,10-1,99,trailer_view,1700500590
10,10-1,46,trailer_view,1700903428
10,10-1,47,watchlist_add,1700418484
10,10-1,96,watchlist_add,1700004496
10,10-2,20,click,1700131244
10,10-2,74,trailer_view,1700587447
10,10-2,1,impression,1700158725
10,10-2,39,trailer_view,1700685467
10,10-2,40,impression,1700014509
10,10-2,92,click,1700987741
10,10-2,71,watchlist_add,1700474329
10,10-2,16,trailer_view,1700966884
10,10-3,35,impression,1700048328
10,10-3,81,watchlist_add,1700748765
10,10-3,26,trailer_view,1700049714
10,10-3,66,watchlist_add,1700032522
10,10-3,36,impression,1700429005
10,10-3,18,impression,1700974934
10,10-3,100,trailer_view,1700356827
10,10-3,14,click,1700814595
10,10-3,58,watchlist_add,1700696963
10,10-3,57,impression,1700318807
10,10-3,59,watchlist_add,1700518322
10,10-4,1,click,1700698287
10,10-4,81,impression,1700028935
10,10-4,29,watchlist_add,1700090375
10,10-4,40,trailer_view,1700235258
10,10-4,28,trailer_view,1700102387
10,10-4,16,trailer_view,1700337236
11,11-0,26,trailer_view,1700673538
11,11-0,90,click,1700172197
11,11-0,65,click,1700162026
11,11-0,78,impression,1700400896
11,11-0,3,click,1700847787
11,11-0,11,watchlist_add,1700981056
11,11-0,5,impression,1700132414
11,11-0,81,watchlist_add,1700701837
11,11-0,28,click,1700951506
11,11-0,40,watchlist_add,1700571205
11,11-0,38,impression,1700695504
11,11-1,66,watchlist_add,1700920598
11,11-1,29,click,1700294557
11,11-1,54,impression,1700487988
11,11-1,69,watchlist_add,1700716891
11,11-1,72,impression,1700714363
11,11-1,89,impression,1700608689
11,11-1,43,watchlist_add,1700961830
11,11-2,90,impression,1700071619
11,11-2,16,watchlist_add,1700454518
11,11-2,92,impression,1700887662
11,11-2,24,trailer_view,1700192417
11,11-2,80,impression,1700933570
11,11-2,3,impression,1700519836
11,11-2,16,watchlist_add,1700280591
11,11-2,3,trailer_view,1700020010
11,11-2,61,trailer_view,1700860542
11,11-2,84,trailer_view,1700826742
11,11-2,49,impression,1700449165
12,12-0,55,watchlist_add,1700876326
12,12-0,20,watchlist_add,1700340216
12,12-0,93,click,1700340389
12,12-0,43,watchlist_add,1700827467
12,12-0,19,trailer_view,1700841198
12,12-0,90,watchlist_add,1700893661
12,12-1,6,impression,1700016949
12,12-1,53,click,1700595194
12,12-1,78,impression,1700572222
12,12-1,89,impression,1700418441
12,12-1,4,trailer_view,1700915735
12,12-1,22,trailer_view,1700059223
12,12-1,61,impression,1700746246
12,12-2,96,impression,1700972527
12,12-2,15,trailer_view,1700016214
12,12-2,30,click,1700276925
12,12-2,52,watchlist_add,1700350485
12,12-2,60,click,1700553468
12,12-2,52,trailer_view,1700429332
12,12-2,49,trailer_view,1700690745
12,12-2,77,trailer_view,1700008097
12,12-3,50,click,1700702659
12,12-3,4,watchlist_add,1700476114
12,12-3,13,watchlist_add,1700730027
12,12-3,35,impression,1700047152
12,12-3,88,click,1700123020
12,12-3,82,click,1700670655
12,12-3,14,watchlist_add,1700365614
13,13-0,63,watchlist_add,1700875403
13,13-0,12,trailer_view,1700865755
13,13-0,32,trailer_view,1700809488
13,13-0,73,impression,1700835123
13,13-0,63,click,1700261165
13,13-0,23,impression,1700929233
13,13-0,32,click,1700427418
13,13-0,80,trailer_view,1700623599
13,13-1,86,impression,1700201108
13,13-1,77,trailer_view,1700577501
13,13-1,35,trailer_view,1700063293
13,13-1,47,trailer_view,1700798331
13,13-1,82,click,1700302255
13,13-1,60,watchlist_add,1700156602
13,13-1,17,impression,1700503968
13,13-1,38,trailer_view,1700841032
13,13-1,35,watchlist_add,1700481950
13,13-1,59,impression,1700038109
13,13-1,30,impression,1700207150
13,13-1,97,watchlist_add,1700933048
13,13-2,91,watchlist_add,1700429312
13,13-2,86,watchlist_add,1700157730
13,13-2,70,impression,1700338412
13,13-2,92,watchlist_add,1700550983
13,13-2,47,click,1700825383
13,13-2,7,watchlist_add,1700433774
13,13-2,39,trailer_view,1700928405
13,13-3,64,impression,1700186877
13,13-3,87,watchlist_add,1700920896
13,13-3,87,click,1700144812
13,13-3,9,watchlist_add,1700692796
13,13-3,35,watchlist_add,1700186747
13,13-3,24,impression,1700408332
13,13-3,53,watchlist_add,1700092884
13,13-3,28,click,1700632639
13,13-3,26,watchlist_add,1700306271
14,14-0,11,impression,1700142674
14,14-0,23,trailer_view,1700093527
14,14-0,85,trailer_view,1700729885
14,14-0,22,trailer_view,1700091889
14,14-0,75,trailer_view,1700787622
14,14-0,37,impression,1700731404
14,14-0,77,trailer_view,1700047134
14,14-0,72,trailer_view,1700203519
14,14-1,33,watchlist_add,1700765391
14,14-1,75,click,1700495677
14,14-1,40,impression,1700168322
14,14-1,60,click,1700629240
14,14-1,85,trailer_view,1700370941
14,14-1,20,watchlist_add,1700400101
14,14-1,36,watchlist_add,1700180550
14,14-1,70,watchlist_add,1700439482
14,14-1,10,trailer_view,1700306914
14,14-2,83,watchlist_add,1700350280
14,14-2,10,click,1700324172
14,14-2,6,watchlist_add,1700426003
14,14-2,83,click,1700715956
14,14-2,75,watchlist_add,1700811392
14,14-2,67,impression,1700161928
14,14-3,24,impression,1700124013
14,14-3,93,trailer_view,1700782319
14,14-3,80,click,1700428413
14,14-3,22,impression,1700039918
14,14-3,55,click,1700624470
14,14-3,23,watchlist_add,1700919501
14,14-3,94,impression,1700400503
14,14-3,60,impression,1700416015
15,15-0,38,trailer_view,1700303311
15,15-0,33,trailer_view,1700204306
15,15-0,61,watchlist_add,1700002898
15,15-0,70,impression,1700562655
15,15-0,96,impression,1700325428
15,15-0,3,impression,1700847512
15,15-0,76,click,1700850713
15,15-0,30,watchlist_add,1700601494
15,15-0,80,watchlist_add,1700647077
15,15-0,75,trailer_view,1700039703
15,15-0,73,watchlist_add,1700984976
15,15-1,55,impression,1700530472
15,15-1,58,watchlist_add,1700219468
15,15-1,76,trailer_view,1700879179
15,15-1,10,impression,1700475982
15,15-1,63,watchlist_add,1700062939
15,15-1,25,impression,1700199473
15,15-1,63,impression,1700036803
15,15-1,44,watchlist_add,1700390460
15,15-1,59,watchlist_add,1700230780
15,15-1,93,watchlist_add,1700804998
15,15-1,28,trailer_view,1700614600
15,15-1,98,trailer_view,1700711502
15,15-2,25,click,1700532992
15,15-2,44,trailer_view,1700771694
15,15-2,10,trailer_view,1700787950
15,15-2,85,watchlist_add,1700280201
15,15-2,31,click,1700759937
15,15-2,40,trailer_view,1700778438
16,16-0,62,impression,1700785640
16,16-0,47,trailer_view,1700481333
16,16-0,2,trailer_view,1700052679
16,16-0,2,trailer_view,1700449542
16,16-0,10,click,1700024538
16,16-0,37,impression,1700218132
16,16-0,53,impression,1700052631
16,16-1,27,watchlist_add,1700884970
16,16-1,86,impression,1700556665
16,16-1,7,trailer_view,1700703903
16,16-1,73,watchlist_add,1700215050
16,16-1,44,trailer_view,1700555422
16,16-1,49,impression,1700581516
16,16-2,48,impression,1700794601
16,16-2,3,click,1700458977
16,16-2,28,click,1700585667
16,16-2,22,impression,1700366796
16,16-2,1,watchlist_add,1700210885
16,16-2,1,click,1700306706
16,16-2,4,trailer_view,1700270023
16,16-2,8,click,1700586141
16,16-3,58,watchlist_add,1700661382
16,16-3,9,impression,1700865850
16,16-3,97,trailer_view,1700011150
16,16-3,84,trailer_view,1700854607
16,16-3,69,watchlist_add,1700708702
16,16-4,15,click,1700109376
16,16-4,43,watchlist_add,1700766228
16,16-4,76,click,1700676732
16,16-4,90,click,1700229353
16,16-4,27,watchlist_add,1700110408
16,16-4,13,click,1700564033
16,16-5,70,trailer_view,1700453665
16,16-5,74,impression,1700041985
16,16-5,77,click,1700991545
16,16-5,70,impression,1700173402
16,16-5,57,impression,1700971141
16,16-5,92,trailer_view,1700251460
16,16-5,57,impression,1700110185
16,16-5,92,trailer_view,1700460512
16,16-6,17,trailer_view,1700371662
16,16-6,46,impression,1700308622
16,16-6,95,watchlist_add,1700274965
16,16-6,13,impression,1700514252
16,16-6,64,impression,1700671946
16,16-6,91,trailer_view,1700640013
16,16-6,71,impression,1700086879
17,17-0,46,trailer_view,1700447652
17,17-0,64,click,1700936891
17,17-0,24,watchlist_add,1700901108
17,17-0,22,trailer_view,1700105205
17,17-0,22,watchlist_add,1700249470
17,17-0,97,click,1700253504
17,17-0,80,trailer_view,1700226301
17,17-0,54,watchlist_add,1700120695
17,17-0,33,click,1700272799
17,17-1,60,click,1700699229
17,17-1,8,trailer_view,1700825506
17,17-1,98,click,1700320847
17,17-1,98,watchlist_add,1700918785
17,17-1,36,trailer_view,1700152742
17,17-1,18,trailer_view,1700781213
17,17-1,55,click,1700317688
17,17-1,82,watchlist_add,1700771629
17,17-1,4,trailer_view,1700783059
17,17-2,93,impression,1700812412
17,17-2,69,watchlist_add,1700037887
17,17-2,38,click,1700472102
17,17-2,19,impression,1700138813
17,17-2,44,impression,1700141272
17,17-2,77,watchlist_add,1700154423
17,17-2,61,click,1700780802
17,17-2,16,watchlist_add,1700995274
17,17-2,80,trailer_view,1700556914
17,17-2,77,trailer_view,1700331836
17,17-2,12,impression,1700965357
17,17-2,1,watchlist_add,1700786884
17,17-3,64,trailer_view,1700636855
17,17-3,80,trailer_view,1700032111
17,17-3,13,trailer_view,1700258618
17,17-3,64,watchlist_add,1700453929
17,17-3,65,impression,1700449152
17,17-3,89,trailer_view,1700649677
17,17-3,39,watchlist_add,1700752096
17,17-4,53,impression,1700580254
17,17-4,41,watchlist_add,1700669399
17,17-4,78,trailer_view,1700188764
17,17-4,68,click,1700942064
17,17-4,13,watchlist_add,1700282642
17,17-4,46,watchlist_add,1700910979
17,17-4,53,impression,1700956530
17,17-4,61,watchlist_add,1700023882
17,17-4,63,click,1700316025
17,17-4,57,trailer_view,1700105466
17,17-4,78,trailer_view,1700073852
17,17-4,46,impression,1700198766
18,18-0,52,trailer_view,1700828740
18,18-0,49,impression,1700568394
18,18-0,66,click,1700112259
18,18-0,99,click,1700789803
18,18-0,21,trailer_view,1700489277
18,18-0,62,trailer_view,1700744900
18,18-0,63,trailer_view,1700492055
18,18-0,70,impression,1700056075
18,18-0,38,click,1700248901
18,18-0,28,watchlist_add,1700462685
18,18-0,82,trailer_view,1700267039
18,18-0,70,watchlist_add,1700685675
18,18-1,2,watchlist_add,1700719811
18,18-1,58,impression,1700040108
18,18-1,40,trailer_view,1700532439
18,18-1,85,trailer_view,1700443445
18,18-1,6,click,1700604946
18,18-1,42,impression,1700401013
18,18-1,73,watchlist_add,1700571292
18,18-1,54,watchlist_add,1700230157
18,18-1,97,watchlist_add,1700165615
18,18-1,21,impression,1700135491
18,18-1,39,impression,1700755357
18,18-1,26,click,1700029459
18,18-2,36,click,1700289944
18,18-2,31,impression,1700162147
18,18-2,50,trailer_view,1700747557
18,18-2,32,impression,1700764177
18,18-2,20,watchlist_add,1700545264
18,18-2,73,watchlist_add,1700613710
18,18-2,83,impression,1700731411
18,18-2,2,trailer_view,1700616865
18,18-2,35,trailer_view,1700661580
18,18-2,10,impression,1700161232
18,18-2,12,impression,1700708601
18,18-3,84,trailer_view,1700963442
18,18-3,93,watchlist_add,1700969073
18,18-3,73,click,1700143823
18,18-3,99,watchlist_add,1700091258
18,18-3,20,click,1700746732
18,18-3,5,click,1700761338
18,18-3,46,impression,1700117911
18,18-3,98,impression,1700853570
18,18-4,96,watchlist_add,1700961272
18,18-4,21,click,1700375431
18,18-4,3,trailer_view,1700659037
18,18-4,43,trailer_view,1700965728
18,18-4,18,click,1700115737
18,18-4,77,click,1700471134
18,18-4,91,click,1700443632
18,18-5,79,impression,1700466663
18,18-5,60,impression,1700918043
18,18-5,86,click,1700203716
18,18-5,19,impression,1700401818
18,18-5,72,trailer_view,1700933548
18,18-5,31,trailer_view,1700398370
18,18-5,92,click,1700403685
18,18-5,59,trailer_view,1700840908
18,18-5,55,click,1700160706
18,18-5,26,click,1700378626
18,18-6,14,watchlist_add,1700067747
18,18-6,99,impression,1700913804
18,18-6,56,watchlist_add,1700985911
18,18-6,24,click,1700487518
18,18-6,89,trailer_view,1700821538
19,19-0,71,impression,1700486786
19,19-0,61,watchlist_add,1700678809
19,19-0,13,impression,1700366329
19,19-0,34,watchlist_add,1700605491
19,19-0,29,click,1700627895
19,19-0,3,watchlist_add,1700392678
19,19-0,40,impression,1700550378
19,19-0,4,click,1700385896
19,19-1,92,watchlist_add,1700343478
19,19-1,99,impression,1700794034
19,19-1,68,trailer_view,1700964102
19,19-1,53,watchlist_add,1700560836
19,19-1,86,impression,1700855305
19,19-1,90,click,1700108093
19,19-1,65,click,1700147936
19,19-1,16,impression,1700073929
19,19-1,40,trailer_view,1700634431
19,19-1,93,trailer_view,1700019960
19,19-1,37,watchlist_add,1700386913
19,19-2,25,trailer_view,1700987162
19,19-2,26,click,1700392842
19,19-2,56,trailer_view,1700467439
19,19-2,66,watchlist_add,1700532286
19,19-2,61,trailer_view,1700474406
19,19-2,47,trailer_view,1700747698
19,19-3,38,watchlist_add,1700973086
19,19-3,47,watchlist_add,1700542630
19,19-3,28,trailer_view,1700134943
19,19-3,3,click,1700228856
19,19-3,62,click,1700568508
19,19-3,87,watchlist_add,1700669439
19,19-3,33,click,1700895629
19,19-3,55,impression,1700992038
19,19-3,42,impression,1700459573
19,19-3,87,watchlist_add,1700406945
19,19-3,40,trailer_view,1700037320
19,19-4,78,trailer_view,1700217707
19,19-4,17,watchlist_add,1700804859
19,19-4,89,click,1700696661
19,19-4,75,watchlist_add,1700329143
19,19-4,61,watchlist_add,1700353987
19,19-4,17,impression,1700083757
19,19-4,94,click,1700935434
19,19-4,5,impression,1700199695
19,19-4,7,impression,1700305497
19,19-5,8,impression,1700735285
19,19-5,2,click,1700767653
19,19-5,48,click,1700459490
19,19-5,82,click,1700416430
19,19-5,90,impression,1700927067
19,19-5,6,impression,1700000770
19,19-5,71,trailer_view,1700352504
19,19-5,100,watchlist_add,1700940927
19,19-5,73,impression,1700341890
19,19-5,40,watchlist_add,1700347690
19,19-5,71,trailer_view,1700744607
19,19-5,86,click,1700836830
19,19-6,87,trailer_view,1700766494
19,19-6,93,impression,1700859410
19,19-6,95,impression,1700716448
19,19-6,70,watchlist_add,1700586605
19,19-6,40,trailer_view,1700057381
19,19-6,23,impression,1700263578
19,19-6,13,trailer_view,1700124921
19,19-6,71,trailer_view,1700227696
19,19-6,70,click,1700956534
20,20-0,60,impression,1700187265
20,20-0,73,trailer_view,1700035128
20,20-0,51,trailer_view,1700898305
20,20-0,49,watchlist_add,1700610168
20,20-0,100,trailer_view,1700773182
20,20-0,58,impression,1700553536
20,20-0,74,watchlist_add,1700141751
20,20-0,4,impression,1700743730
20,20-0,91,click,1700533422
20,20-1,32,watchlist_add,1700454033
20,20-1,30,impression,1700171255
20,20-1,31,trailer_view,1700837336
20,20-1,76,watchlist_add,1700416451
20,20-1,60,watchlist_add,1700827338
20,20-1,60,trailer_view,1700043420
20,20-1,28,watchlist_add,1700889001
20,20-1,35,trailer_view,1700908889
20,20-1,23,click,1700753276
20,20-1,38,click,1700072729
20,20-1,69,impression,1700459202
20,20-2,8,click,1700934894
20,20-2,78,impression,1700013542
20,20-2,96,click,1700825010
20,20-2,31,trailer_view,1700337327
20,20-2,35,watchlist_add,1700959527
20,20-2,51,click,1700988468
20,20-2,91,watchlist_add,1700052894
20,20-2,23,impression,1700163335
20,20-2,58,click,1700551586
20,20-2,1,trailer_view,1700428061
20,20-3,93,watchlist_add,1700890913
20,20-3,19,impression,1700010451
20,20-3,8,watchlist_add,1700188814
20,20-3,43,trailer_view,1700218478
20,20-3,65,trailer_view,1700081863
20,20-3,56,watchlist_add,1700081571
20,20-3,55,click,1700548841
20,20-3,47,click,1700033719
20,20-3,49,trailer_view,1700795517
20,20-3,10,impression,1700236107
21,21-0,1,watchlist_add,1700746033
21,21-0,27,watchlist_add,1700380089
21,21-0,44,trailer_view,1700890707
21,21-0,24,click,1700408395
21,21-0,34,click,1700477438
21,21-0,17,watchlist_add,1700032076
21,21-0,74,watchlist_add,1700203367
21,21-0,83,click,1700779841
21,21-0,35,watchlist_add,1700829337
21,21-0,14,watchlist_add,1700946718
21,21-0,44,click,1700412283
21,21-0,93,impression,1700810263
21,21-1,31,watchlist_add,1700051532
21,21-1,97,watchlist_add,1700081852
21,21-1,38,impression,1700294561
21,21-1,13,trailer_view,1700655503
21,21-1,41,click,1700685338
21,21-1,8,impression,1700322263
21,21-1,16,impression,1700238974
21,21-2,66,trailer_view,1700213969
21,21-2,64,watchlist_add,1700460321
21,21-2,87,watchlist_add,1700003384
21,21-2,23,impression,1700738261
21,21-2,96,click,1700941624
21,21-2,10,watchlist_add,1700902554
21,21-2,63,watchlist_add,1700360676
21,21-2,69,impression,1700041917
21,21-2,54,click,1700271937
21,21-2,54,impression,1700209905
21,21-2,76,impression,1700973856
21,21-2,34,click,1700690427
21,21-3,87,impression,1700171175
21,21-3,3,trailer_view,1700266610
21,21-3,46,click,1700935525
21,21-3,74,click,1700359262
21,21-3,64,impression,1700002367
21,21-3,52,impression,1700364410
21,21-3,71,watchlist_add,1700147480
21,21-4,98,watchlist_add,1700710231
21,21-4,25,watchlist_add,1700573379
21,21-4,24,click,1700052593
21,21-4,51,impression,1700501544
21,21-4,87,watchlist_add,1700582580
21,21-4,83,trailer_view,1700125477
21,21-4,64,trailer_view,1700617247
21,21-4,29,click,1700079762
21,21-5,15,impression,1700096108
21,21-5,35,watchlist_add,1700344986
21,21-5,34,impression,1700514049
21,21-5,12,click,1700157923
21,21-5,11,impression,1700651331
21,21-5,44,trailer_view,1700803866
21,21-5,58,watchlist_add,1700085155
21,21-5,85,trailer_view,1700813002
21,21-5,48,watchlist_add,1700280634
21,21-5,19,impression,1700704542
21,21-5,28,trailer_view,1700566930
21,21-5,38,watchlist_add,1700274611
22,22-0,53,impression,1700045984
22,22-0,47,impression,1700244898
22,22-0,40,trailer_view,1700914324
22,22-0,12,click,1700834549
22,22-0,44,click,1700727022
22,22-0,14,impression,1700933672
22,22-0,89,click,1700586478
22,22-0,94,impression,1700072835
22,22-1,3,trailer_view,1700225831
22,22-1,52,click,1700187760
22,22-1,16,watchlist_add,1700880164
22,22-1,65,impression,1700166390
22,22-1,37,impression,1700825631
22,22-1,64,impression,1700260914
22,22-1,67,click,1700038052
22,22-1,9,impression,1700883493
22,22-1,83,trailer_view,1700302167
22,22-2,25,trailer_view,1700606665
22,22-2,76,watchlist_add,1700152128
22,22-2,19,watchlist_add,1700333103
22,22-2,87,click,1700530475
22,22-2,31,click,1700800148
22,22-2,83,click,1700485157
22,22-2,97,click,1700374763
22,22-2,9,watchlist_add,1700020854
22,22-2,94,watchlist_add,1700658087
22,22-3,4,trailer_view,1700262389
22,22-3,24,click,1700069182
22,22-3,52,watchlist_add,1700830367
22,22-3,27,watchlist_add,1700664036
22,22-3,17,watchlist_add,1700992003
22,22-3,20,watchlist_add,1700318864
22,22-3,100,click,1700793189
22,22-3,72,click,1700801369
22,22-3,39,trailer_view,1700381307
22,22-3,62,watchlist_add,1700150903
22,22-3,57,watchlist_add,1700412138
22,22-3,22,impression,1700073400
22,22-4,36,click,1700867730
22,22-4,69,watchlist_add,1700660639
22,22-4,98,trailer_view,1700845387
22,22-4,100,impression,1700227152
22,22-4,92,trailer_view,1700146454
22,22-4,8,trailer_view,1700881927
22,22-4,41,watchlist_add,1700395476
22,22-4,16,trailer_view,1700757250
22,22-4,25,trailer_view,1700098389
22,22-5,10,click,1700527651
22,22-5,32,impression,1700541195
22,22-5,7,trailer_view,1700804216
22,22-5,37,click,1700743894
22,22-5,43,watchlist_add,1700376052
22,22-5,42,watchlist_add,1700789517
22,22-5,91,watchlist_add,1700481074
22,22-5,19,trailer_view,1700491310
22,22-5,33,trailer_view,1700693484
22,22-5,63,click,1700512309
23,23-0,49,watchlist_add,1700123470
23,23-0,76,impression,1700037608
23,23-0,8,trailer_view,1700314686
23,23-0,46,trailer_view,1700876701
23,23-0,29,trailer_view,1700564276
23,23-0,81,click,1700896577
23,23-1,1,click,1700173455
23,23-1,46,trailer_view,1700177927
23,23-1,88,trailer_view,1700830318
23,23-1,33,click,1700765607
23,23-1,59,trailer_view,1700826746
23,23-1,57,trailer_view,1700895969
23,23-1,19,click,1700298668
23,23-1,33,click,1700814466
23,23-1,46,trailer_view,1700736720
23,23-1,20,click,1700632142
23,23-1,94,watchlist_add,1700379660
23,23-1,68,trailer_view,1700711703
23,23-2,50,watchlist_add,1700888934
23,23-2,72,watchlist_add,1700877002
23,23-2,79,watchlist_add,1700666747
23,23-2,89,trailer_view,1700215000
23,23-2,73,click,1700776189
23,23-2,67,impression,1700782283
23,23-2,40,impression,1700309428
23,23-2,10,impression,1700178953
23,23-3,26,impression,1700692184
23,23-3,83,click,1700617267
23,23-3,39,trailer_view,1700035740
23,23-3,50,trailer_view,1700709912
23,23-3,94,impression,1700994469
23,23-4,25,click,1700970530
23,23-4,100,trailer_view,1700476797
23,23-4,55,click,1700510640
23,23-4,75,watchlist_add,1700797235
23,23-4,53,watchlist_add,1700273491
23,23-4,89,impression,1700931279
23,23-4,41,impression,1700488065
23,23-4,71,click,1700772135
23,23-4,5,watchlist_add,1700518885
23,23-4,12,click,1700062027
23,23-4,17,impression,1700592172
23,23-5,6,impression,1700011278
23,23-5,57,watchlist_add,1700442809
23,23-5,51,impression,1700875584
23,23-5,5,impression,1700669620
23,23-5,44,click,1700607723
23,23-5,19,impression,1700869995
23,23-5,40,click,1700567150
23,23-5,79,watchlist_add,1700479080
23,23-5,63,watchlist_add,1700163346
23,23-5,13,trailer_view,1700885771
24,24-0,58,impression,1700160355
24,24-0,24,impression,1700819998
24,24-0,26,trailer_view,1700708469
24,24-0,53,watchlist_add,1700041346
24,24-0,91,watchlist_add,1700398054
24,24-0,69,trailer_view,1700375814
24,24-0,94,watchlist_add,1700677596
24,24-0,34,trailer_view,1700670429
24,24-0,92,click,1700540706
24,24-0,7,click,1700213651
24,24-0,22,trailer_view,1700477890
24,24-1,76,watchlist_add,1700789213
24,24-1,60,watchlist_add,1700893109
24,24-1,66,click,1700827460
24,24-1,17,click,1700984824
24,24-1,70,watchlist_add,1700618067
24,24-1,45,impression,1700626442
24,24-1,26,watchlist_add,1700979976
24,24-1,4,impression,1700962468
24,24-2,86,click,1700987432
24,24-2,75,impression,1700137388
24,24-2,5,impression,1700584883
24,24-2,14,trailer_view,1700487934
24,24-2,53,watchlist_add,1700993268
24,24-2,79,trailer_view,1700321917
24,24-2,90,impression,1700869499
24,24-2,58,watchlist_add,1700202018
24,24-2,82,impression,1700596652
24,24-3,28,trailer_view,1700335690
24,24-3,98,watchlist_add,1700735598
24,24-3,94,click,1700535759
24,24-3,15,click,1700706797
24,24-3,47,impression,1700847990
24,24-3,57,impression,1700489352
24,24-3,95,trailer_view,1700008120
24,24-3,22,trailer_view,1700100175
24,24-3,48,click,1700741197
24,24-4,58,watchlist_add,1700709907
24,24-4,72,impression,1700359951
24,24-4,50,impression,1700868114
24,24-4,87,trailer_view,1700762521
24,24-4,86,trailer_view,1700571947
24,24-4,93,trailer_view,1700850389
24,24-4,43,click,1700738319
24,24-4,56,watchlist_add,1700829242
24,24-4,11,trailer_view,1700227166
25,25-0,79,click,1700139929
25,25-0,22,watchlist_add,1700425373
25,25-0,1,trailer_view,1700349181
25,25-0,96,impression,1700060349
25,25-0,74,click,1700578905
25,25-0,44,click,1700924062
25,25-0,56,impression,1700598269
25,25-0,45,click,1700859921
25,25-0,61,trailer_view,1700891685
25,25-1,25,watchlist_add,1700669116
25,25-1,64,watchlist_add,1700375828
25,25-1,76,trailer_view,1700861080
25,25-1,84,click,1700129716
25,25-1,20,impression,1700966754
25,25-1,13,click,1700247127
25,25-1,4,trailer_view,1700035313
25,25-1,39,click,1700700861
25,25-1,16,impression,1700169680
25,25-1,10,impression,1700390343
25,25-1,66,trailer_view,1700267844
25,25-2,17,watchlist_add,1700711507
25,25-2,41,impression,1700742673
25,25-2,42,impression,1700322856
25,25-2,97,watchlist_add,1700910280
25,25-2,71,impression,1700182483
25,25-2,26,trailer_view,1700917836
25,25-2,75,trailer_view,1700442451
25,25-2,89,impression,1700847533
25,25-2,80,click,1700188558
25,25-3,46,click,1700108169
25,25-3,67,impression,1700161807
25,25-3,26,watchlist_add,1700086604
25,25-3,62,click,1700522185
25,25-3,77,impression,1700816809
25,25-4,1,watchlist_add,1700482796
25,25-4,49,impression,1700186077
25,25-4,46,trailer_view,1700012811
25,25-4,8,click,1700790494
25,25-4,29,trailer_view,1700170315
25,25-4,21,trailer_view,1700809011
25,25-4,7,watchlist_add,1700512321
25,25-4,75,click,1700853334
25,25-4,4,impression,1700287166
25,25-5,62,watchlist_add,1700502103
25,25-5,44,watchlist_add,1700002036
25,25-5,97,watchlist_add,1700706764
25,25-5,21,click,1700772496
25,25-5,69,watchlist_add,1700930920
25,25-6,59,click,1700319980
25,25-6,38,impression,1700241913
25,25-6,31,trailer_view,1700939734
25,25-6,5,impression,1700647872
25,25-6,60,watchlist_add,1700501880
25,25-6,20,click,1700809899
25,25-6,27,watchlist_add,1700700622
26,26-0,76,click,1700207078
26,26-0,87,trailer_view,1700208783
26,26-0,28,trailer_view,1700801509
26,26-0,84,trailer_view,1700234894
26,26-0,11,watchlist_add,1700931916
26,26-0,13,click,1700823148
26,26-0,91,impression,1700366317
26,26-0,72,click,1700986351
26,26-0,74,watchlist_add,1700375413
26,26-0,59,click,1700172446
26,26-0,97,watchlist_add,1700014760
26,26-0,81,watchlist_add,1700081227
26,26-1,61,impression,1700427071
26,26-1,23,trailer_view,1700980860
26,26-1,87,impression,1700192101
26,26-1,52,click,1700733435
26,26-1,46,click,1700582618
26,26-1,30,watchlist_add,1700813488
26,26-1,52,impression,1700210420
26,26-1,66,impression,1700483559
26,26-1,41,click,1700746873
26,26-1,9,click,1700258731
26,26-1,27,impression,1700313530
26,26-2,19,watchlist_add,1700022492
26,26-2,51,watchlist_add,1700848124
26,26-2,53,trailer_view,1700076433
26,26-2,21,trailer_view,1700497115
26,26-2,16,watchlist_add,1700538805
26,26-2,89,watchlist_add,1700779198
26,26-2,15,trailer_view,1700512293
26,26-2,74,trailer_view,1700541721
26,26-2,64,watchlist_add,1700724252
26,26-2,82,trailer_view,1700196511
26,26-2,66,watchlist_add,1700677493
26,26-2,76,watchlist_add,1700226715
26,26-3,49,trailer_view,1700125546
26,26-3,51,click,1700565312
26,26-3,42,trailer_view,1700961829
26,26-3,62,impression,1700514412
26,26-3,9,click,1700838207
26,26-3,24,impression,1700327006
26,26-3,59,click,1700425472
26,26-4,87,click,1700699575
26,26-4,24,click,1700144923
26,26-4,73,impression,1700799613
26,26-4,100,watchlist_add,1700183385
26,26-4,84,trailer_view,1700685738
26,26-4,64,click,1700694473
26,26-4,95,impression,1700374703
26,26-4,30,impression,1700924787
26,26-5,78,impression,1700630027
26,26-5,49,impression,1700893929
26,26-5,88,trailer_view,1700559528
26,26-5,70,trailer_view,1700347814
26,26-5,11,impression,1700496243
26,26-5,48,trailer_view,1700501404
26,26-5,96,trailer_view,1700723554
26,26-5,13,impression,1700164004
26,26-5,98,watchlist_add,1700018648
26,26-5,1,watchlist_add,1700761047
26,26-6,64,trailer_view,1700979306
26,26-6,63,impression,1700745570
26,26-6,34,impression,1700317661
26,26-6,50,watchlist_add,1700533020
26,26-6,15,impression,1700619332
26,26-6,76,trailer_view,1700310956
26,26-6,39,trailer_view,1700707840
26,26-6,47,trailer_view,1700650734
27,27-0,8,trailer_view,1700499650
27,27-0,33,watchlist_add,1700109602
27,27-0,40,impression,1700513440
27,27-0,68,impression,1700638547
27,27-0,28,click,1700902481
27,27-0,27,watchlist_add,1700896844
27,27-0,22,click,1700810773
27,27-0,79,impression,1700802945
27,27-0,84,watchlist_add,1700954944
27,27-0,58,trailer_view,1700759974
27,27-0,80,watchlist_add,1700986785
27,27-1,9,trailer_view,1700945293
27,27-1,81,click,1700190631
27,27-1,94,impression,1700241018
27,27-1,45,watchlist_add,1700840699
27,27-1,66,impression,1700549695
27,27-1,66,impression,1700021670
27,27-1,77,watchlist_add,1700103523
27,27-1,7,impression,1700791946
27,27-1,86,click,1700126784
27,27-2,35,click,1700661278
27,27-2,95,impression,1700287004
27,27-2,41,impression,1700897015
27,27-2,47,watchlist_add,1700866760
27,27-2,23,click,1700158944
27,27-2,90,trailer_view,1700843733
27,27-2,23,watchlist_add,1700036721
27,27-2,67,impression,1700863626
27,27-2,1,trailer_view,1700120375
27,27-2,52,watchlist_add,1700892416
27,27-3,45,trailer_view,1700142626
27,27-3,1,watchlist_add,1700064788
27,27-3,93,trailer_view,1700415494
27,27-3,62,click,1700360355
27,27-3,63,click,1700684462
27,27-4,81,impression,1700107047
27,27-4,96,click,1700683953
27,27-4,51,impression,1700883352
27,27-4,17,impression,1700051784
27,27-4,29,click,1700165353
27,27-4,51,click,1700270955
27,27-4,7,impression,1700052888
27,27-4,35,watchlist_add,1700811068
27,27-4,11,click,1700259999
27,27-4,86,impression,1700036393
28,28-0,63,watchlist_add,1700584935
28,28-0,68,watchlist_add,1700029761
28,28-0,98,impression,1700794129
28,28-0,18,impression,1700741973
28,28-0,61,watchlist_add,1700034267
28,28-0,68,trailer_view,1700947583
28,28-1,18,trailer_view,1700370760
28,28-1,67,watchlist_add,1700735308
28,28-1,90,watchlist_add,1700603839
28,28-1,18,watchlist_add,1700611873
28,28-1,92,click,1700255369
28,28-1,35,trailer_view,1700311989
28,28-1,34,trailer_view,1700123639
28,28-1,85,click,1700597110
28,28-2,52,trailer_view,1700524763
28,28-2,82,click,1700615025
28,28-2,86,click,1700642220
28,28-2,59,watchlist_add,1700021694
28,28-2,61,watchlist_add,1700677772
28,28-2,87,watchlist_add,1700487180
28,28-2,38,watchlist_add,1700532140
28,28-2,19,trailer_view,1700009191
28,28-2,15,impression,1700629513
28,28-2,26,trailer_view,1700143048
28,28-2,37,impression,1700874497
29,29-0,13,click,1700722448
29,29-0,68,click,1700779891
29,29-0,56,watchlist_add,1700194578
29,29-0,41,impression,1700173790
29,29-0,16,click,1700838009
29,29-0,48,watchlist_add,1700673238
29,29-0,73,impression,1700900219
29,29-0,63,click,1700521626
29,29-0,63,impression,1700992920
29,29-0,34,click,1700993981
29,29-1,95,impression,1700495890
29,29-1,13,watchlist_add,1700732026
29,29-1,19,impression,1700267250
29,29-1,47,trailer_view,1700824018
29,29-1,86,click,1700570259
29,29-1,81,watchlist_add,1700797556
29,29-1,66,trailer_view,1700590055
29,29-1,80,click,1700244753
29,29-1,92,watchlist_add,1700215885
29,29-1,36,click,1700100950
29,29-2,18,watchlist_add,1700899786
29,29-2,97,trailer_view,1700100677
29,29-2,73,watchlist_add,1700078591
29,29-2,91,watchlist_add,1700085656
29,29-2,57,trailer_view,1700355417
29,29-2,33,click,1700003509
30,30-0,96,watchlist_add,1700634396
30,30-0,90,click,1700486644
30,30-0,34,watchlist_add,1700495988
30,30-0,4,impression,1700059090
30,30-0,91,impression,1700793088
30,30-0,33,impression,1700627242
30,30-0,57,trailer_view,1700655385
30,30-0,40,impression,1700223432
30,30-0,3,click,1700877840
30,30-0,55,impression,1700504662
30,30-0,28,trailer_view,1700847442
30,30-1,88,watchlist_add,1700757344
30,30-1,35,trailer_view,1700020943
30,30-1,14,watchlist_add,1700073341
30,30-1,11,trailer_view,1700460611
30,30-1,21,click,1700876827
30,30-1,18,watchlist_add,1700210022
30,30-1,76,impression,1700386516
30,30-1,14,click,1700193627
30,30-2,95,click,1700381646
30,30-2,56,trailer_view,1700635994
30,30-2,46,impression,1700652906
30,30-2,76,click,1700231761
30,30-2,2,trailer_view,1700942519
30,30-2,3,trailer_view,1700569617
30,30-2,100,impression,1700410073
31,31-0,33,trailer_view,1700363135
31,31-0,37,click,1700887273
31,31-0,98,click,1700339759
31,31-0,57,click,1700930853
31,31-0,92,click,1700839777
31,31-0,90,click,1700172622
31,31-0,4,click,1700899441
31,31-1,19,impression,1700810354
31,31-1,85,impression,1700676899
31,31-1,83,trailer_view,1700621036
31,31-1,62,impression,1700078208
31,31-1,97,click,1700758905
31,31-1,34,click,1700045542
31,31-1,69,click,1700044393
31,31-1,17,click,1700149417
31,31-2,54,click,1700915926
31,31-2,81,trailer_view,1700478202
31,31-2,16,impression,1700057655
31,31-2,88,click,1700598827
31,31-2,98,click,1700405347
31,31-2,18,impression,1700549079
31,31-2,74,trailer_view,1700812787
31,31-2,19,watchlist_add,1700931846
31,31-2,74,click,1700347145
31,31-2,91,watchlist_add,1700889209
31,31-2,47,watchlist_add,1700190808
31,31-3,56,trailer_view,1700055121
31,31-3,99,click,1700512422
31,31-3,2,impression,1700021170
31,31-3,11,trailer_view,1700692305
31,31-3,16,impression,1700853482
31,31-3,44,trailer_view,1700410815
31,31-4,32,click,1700322042
31,31-4,17,click,1700923325
31,31-4,38,trailer_view,1700829161
31,31-4,96,impression,1700151351
31,31-4,90,watchlist_add,1700769595
31,31-4,91,impression,1700529707
31,31-4,35,watchlist_add,1700082656
31,31-4,43,impression,1700607027
31,31-4,79,watchlist_add,1700425720
31,31-4,96,click,1700381025
32,32-0,13,click,1700806600
32,32-0,94,impression,1700888512
32,32-0,89,watchlist_add,1700523980
32,32-0,3,impression,1700663650
32,32-0,88,trailer_view,1700358819
32,32-0,70,impression,1700253119
32,32-0,77,click,1700762386
32,32-0,15,watchlist_add,1700214762
32,32-0,33,watchlist_add,1700413462
32,32-0,55,trailer_view,1700554129
32,32-0,47,trailer_view,1700175925
32,32-1,75,impression,1700936697
32,32-1,80,watchlist_add,1700374744
32,32-1,83,click,1700700449
32,32-1,69,impression,1700720914
32,32-1,47,watchlist_add,1700997633
32,32-1,44,trailer_view,1700621252
32,32-1,96,trailer_view,1700527619
32,32-1,41,impression,1700344687
32,32-1,59,trailer_view,1700018063
32,32-1,20,impression,1700723550
32,32-1,31,trailer_view,1700246313
32,32-1,79,click,1700924270
32,32-2,55,watchlist_add,1700124243
32,32-2,2,click,1700214646
32,32-2,7,watchlist_add,1700331833
32,32-2,81,trailer_view,1700436109
32,32-2,40,impression,1700985618
32,32-2,61,watchlist_add,1700402053
33,33-0,27,impression,1700063060
33,33-0,14,watchlist_add,1700732567
33,33-0,5,trailer_view,1700732176
33,33-0,31,watchlist_add,1700284844
33,33-0,70,click,1700463797
33,33-0,1,watchlist_add,1700420471
33,33-0,4,watchlist_add,1700696521
33,33-0,84,trailer_view,1700991612
33,33-0,28,watchlist_add,1700289376
33,33-0,60,click,1700646318
33,33-0,37,watchlist_add,1700550993
33,33-1,32,trailer_view,1700209916
33,33-1,31,trailer_view,1700762915
33,33-1,28,click,1700091629
33,33-1,39,trailer_view,1700913166
33,33-1,32,impression,1700006859
33,33-1,10,watchlist_add,1700889864
33,33-1,64,click,1700153932
33,33-1,67,watchlist_add,1700834361
33,33-1,46,impression,1700658642
33,33-2,64,trailer_view,1700914514
33,33-2,90,trailer_view,1700681890
33,33-2,51,impression,1700499753
33,33-2,74,impression,1700931023
33,33-2,97,trailer_view,1700358877
33,33-2,95,click,1700729549
33,33-3,31,trailer_view,1700039149
33,33-3,80,impression,1700523778
33,33-3,65,trailer_view,1700061261
33,33-3,60,watchlist_add,1700606513
33,33-3,44,impression,1700489703
33,33-3,32,click,1700435501
33,33-4,15,click,1700708706
33,33-4,84,click,1700290254
33,33-4,86,watchlist_add,1700786540
33,33-4,5,click,1700159826
33,33-4,9,watchlist_add,1700879004
33,33-4,6,click,1700995732
33,33-5,78,impression,1700138894
33,33-5,63,watchlist_add,1700869825
33,33-5,63,watchlist_add,1700494571
33,33-5,37,trailer_view,1700492406
33,33-5,35,impression,1700241983
33,33-5,38,click,1700647051
33,33-5,16,click,1700257020
33,33-5,27,trailer_view,1700874889
33,33-5,7,impression,1700978840
33,33-5,29,trailer_view,1700420350
33,33-5,56,trailer_view,1700276253
33,33-5,16,click,1700649936
34,34-0,89,trailer_view,1700396142
34,34-0,9,watchlist_add,1700173521
34,34-0,66,watchlist_add,1700133027
34,34-0,20,watchlist_add,1700570823
34,34-0,78,click,1700728776
34,34-1,37,trailer_view,1700657369
34,34-1,29,trailer_view,1700291093
34,34-1,66,click,1700938587
34,34-1,40,click,1700971449
34,34-1,91,trailer_view,1700392300
34,34-1,93,impression,1700513456
34,34-1,21,impression,1700770149
34,34-1,53,impression,1700973828
34,34-1,6,watchlist_add,1700050541
34,34-2,27,watchlist_add,1700039519
34,34-2,26,impression,1700970384
34,34-2,53,click,1700807439
34,34-2,9,impression,1700826408
34,34-2,14,trailer_view,1700732758
34,34-2,30,trailer_view,1700673615
34,34-2,16,click,1700343223
35,35-0,99,click,1700555903
35,35-0,79,watchlist_add,1700270079
35,35-0,48,click,1700484615
35,35-0,62,trailer_view,1700895566
35,35-0,10,impression,1700735170
35,35-0,29,watchlist_add,1700798011
35,35-0,82,click,1700129746
35,35-0,85,impression,1700642206
35,35-0,30,click,1700650642
35,35-0,42,click,1700688942
35,35-1,76,click,1700317154
35,35-1,1,click,1700676410
35,35-1,68,click,1700189463
35,35-1,87,click,1700341886
35,35-1,4,trailer_view,1700995540
35,35-1,99,impression,1700981996
35,35-2,51,watchlist_add,1700974281
35,35-2,92,click,1700242020
35,35-2,13,impression,1700682539
35,35-2,64,watchlist_add,1700142208
35,35-2,45,click,1700854971
35,35-2,66,impression,1700455723
35,35-2,61,impression,1700775438
35,35-2,47,click,1700069199
35,35-2,3,impression,1700844224
35,35-2,69,click,1700865454
35,35-2,34,click,1700918336
35,35-3,17,impression,1700596858
35,35-3,19,click,1700475366
35,35-3,58,impression,1700864986
35,35-3,10,watchlist_add,1700675343
35,35-3,1,impression,1700835555
35,35-3,39,impression,1700645891
35,35-3,70,watchlist_add,1700254055
35,35-3,84,impression,1700384980
35,35-3,44,watchlist_add,1700229460
35,35-3,82,trailer_view,1700539346
35,35-4,85,watchlist_add,1700174673
35,35-4,19,impression,1700289811
35,35-4,60,click,1700473589
35,35-4,60,click,1700842965
35,35-4,30,trailer_view,1700789433
35,35-4,73,watchlist_add,1700806096
35,35-4,74,impression,1700813152
35,35-4,21,click,1700169329
35,35-5,94,click,1700898305
35,35-5,29,watchlist_add,1700148733
35,35-5,98,trailer_view,1700304985
35,35-5,48,trailer_view,1700790716
35,35-5,99,impression,1700685136
36,36-0,49,trailer_view,1700216185
36,36-0,73,watchlist_add,1700379813
36,36-0,75,watchlist_add,1700605084
36,36-0,24,watchlist_add,1700862403
36,36-0,91,impression,1700774278
36,36-0,57,click,1700130527
36,36-0,13,impression,1700542127
36,36-0,72,click,1700748048
36,36-0,22,click,1700025613
36,36-1,10,watchlist_add,1700244416
36,36-1,30,watchlist_add,1700469654
36,36-1,28,trailer_view,1700907016
36,36-1,16,click,1700007195
36,36-1,63,watchlist_add,1700557385
36,36-1,99,impression,1700309411
36,36-1,69,click,1700172863
36,36-2,78,trailer_view,1700348447
36,36-2,21,click,1700314457
36,36-2,27,watchlist_add,1700853109
36,36-2,35,trailer_view,1700489065
36,36-2,10,trailer_view,1700755875
36,36-2,78,trailer_view,1700111842
36,36-2,76,impression,1700199327
36,36-2,75,watchlist_add,1700736609
36,36-2,66,click,1700890973
36,36-2,13,trailer_view,1700734928
37,37-0,74,trailer_view,1700089178
37,37-0,32,impression,1700324418
37,37-0,32,click,1700067499
37,37-0,3,trailer_view,1700315838
37,37-0,46,impression,1700090313
37,37-0,87,impression,1700549875
37,37-0,74,watchlist_add,1700455749
37,37-0,89,watchlist_add,1700498516
37,37-0,93,watchlist_add,1700803001
37,37-1,42,watchlist_add,1700240320
37,37-1,38,trailer_view,1700079409
37,37-1,100,trailer_view,1700032407
37,37-1,95,click,1700223615
37,37-1,51,impression,1700493794
37,37-1,47,impression,1700417304
37,37-2,51,watchlist_add,1700328557
37,37-2,20,impression,1700969245
37,37-2,1,watchlist_add,1700699767
37,37-2,7,trailer_view,1700481692
37,37-2,96,watchlist_add,1700343464
37,37-2,46,trailer_view,1700552719
37,37-2,86,impression,1700919599
37,37-2,63,trailer_view,1700294257
37,37-2,65,watchlist_add,1700254952
37,37-2,41,click,1700312943
37,37-2,6,trailer_view,1700649125
37,37-3,42,impression,1700533381
37,37-3,6,trailer_view,1700832338
37,37-3,37,impression,1700297051
37,37-3,93,watchlist_add,1700369479
37,37-3,33,impression,1700514383
37,37-3,91,click,1700629620
37,37-3,69,watchlist_add,1700645227
37,37-4,74,click,1700607211
37,37-4,18,click,1700764992
37,37-4,33,click,1700435668
37,37-4,66,click,1700640261
37,37-4,12,click,1700350346
37,37-4,42,click,1700847599
37,37-4,65,watchlist_add,1700423205
37,37-5,55,click,1700349026
37,37-5,98,trailer_view,1700234063
37,37-5,33,impression,1700216881
37,37-5,66,click,1700952825
37,37-5,44,impression,1700736780
37,37-5,64,click,1700606425
37,37-6,78,click,1700623254
37,37-6,83,click,1700211723
37,37-6,36,click,1700474342
37,37-6,91,watchlist_add,1700177729
37,37-6,76,watchlist_add,1700484049
37,37-6,60,trailer_view,1700048811
37,37-6,75,watchlist_add,1700976594
37,37-6,30,trailer_view,1700995836
37,37-6,16,watchlist_add,1700578268
37,37-6,27,trailer_view,1700309417
37,37-6,54,trailer_view,1700044458
38,38-0,7,impression,1700272185
38,38-0,93,watchlist_add,1700148928
38,38-0,1,watchlist_add,1700573947
38,38-0,54,impression,1700144553
38,38-0,41,impression,1700668484
38,38-0,1,click,1700759326
38,38-0,2,click,1700526070
38,38-0,99,watchlist_add,1700892086
38,38-0,91,trailer_view,1700106377
38,38-1,1,watchlist_add,1700827327
38,38-1,89,click,1700127865
38,38-1,98,watchlist_add,1700748997
38,38-1,26,trailer_view,1700216991
38,38-1,89,trailer_view,1700705180
38,38-1,84,watchlist_add,1700169245
38,38-1,89,click,1700943048
38,38-1,19,click,1700783218
38,38-1,5,trailer_view,1700754716
38,38-1,42,trailer_view,1700831001
38,38-2,61,trailer_view,1700028348
38,38-2,27,trailer_view,1700850219
38,38-2,95,impression,1700267942
38,38-2,38,click,1700290939
38,38-2,44,watchlist_add,1700417797
38,38-2,50,trailer_view,1700279341
38,38-2,79,impression,1700502198
38,38-2,24,impression,1700637558
38,38-2,57,watchlist_add,1700721014
38,38-2,57,trailer_view,1700676764
38,38-3,9,watchlist_add,1700657768
38,38-3,53,impression,1700743913
38,38-3,61,watchlist_add,1700676653
38,38-3,41,click,1700141438
38,38-3,71,watchlist_add,1700728930
38,38-3,37,impression,1700090476
38,38-3,99,impression,1700133399
38,38-4,44,watchlist_add,1700577334
38,38-4,63,impression,1700833941
38,38-4,27,watchlist_add,1700621913
38,38-4,81,click,1700090216
38,38-4,65,impression,1700605113
38,38-4,17,impression,1700020083
38,38-4,82,impression,1700195671
38,38-4,1,watchlist_add,1700444889
38,38-5,51,watchlist_add,1700603224
38,38-5,76,impression,1700866970
38,38-5,7,trailer_view,1700915198
38,38-5,62,watchlist_add,1700087848
38,38-5,11,trailer_view,1700711282
38,38-5,42,click,1700352828
38,38-5,96,click,1700230589
38,38-5,99,trailer_view,1700052270
38,38-6,48,watchlist_add,1700204550
38,38-6,82,watchlist_add,1700691006
38,38-6,41,impression,1700033643
38,38-6,12,trailer_view,1700899012
38,38-6,9,watchlist_add,1700113902
38,38-6,83,trailer_view,1700060747
38,38-6,49,click,1700815332
39,39-0,32,trailer_view,1700698379
39,39-0,65,trailer_view,1700965588
39,39-0,99,trailer_view,1700586574
39,39-0,15,impression,1700753437
39,39-0,70,click,1700555206
39,39-0,15,trailer_view,1700295428
39,39-1,50,trailer_view,1700602163
39,39-1,47,click,1700187956
39,39-1,84,trailer_view,1700088272
39,39-1,57,trailer_view,1700058818
39,39-1,31,click,1700996777
39,39-2,11,impression,1700714935
39,39-2,99,watchlist_add,1700485892
39,39-2,42,impression,1700527538
39,39-2,6,trailer_view,1700354414
39,39-2,7,trailer_view,1700792217
39,39-2,78,click,1700974008
39,39-2,79,trailer_view,1700687531
39,39-2,37,click,1700590652
39,39-2,74,impression,1700184187
40,40-0,99,trailer_view,1700844819
40,40-0,7,click,1700372529
40,40-0,70,watchlist_add,1700428016
40,40-0,69,trailer_view,1700081617
40,40-0,95,click,1700315806
40,40-0,85,impression,1700593204
40,40-0,88,click,1700783471
40,40-0,49,impression,1700816525
40,40-0,82,impression,1700352743
40,40-0,52,watchlist_add,1700743472
40,40-0,89,trailer_view,1700887101
40,40-1,91,trailer_view,1700012661
40,40-1,34,impression,1700291614
40,40-1,47,trailer_view,1700871610
40,40-1,79,impression,1700106599
40,40-1,30,impression,1700160676
40,40-1,69,watchlist_add,1700322455
40,40-1,18,trailer_view,1700854541
40,40-1,7,trailer_view,1700394725
40,40-1,56,trailer_view,1700775376
40,40-2,17,trailer_view,1700042533
40,40-2,65,click,1700062254
40,40-2,95,click,1700775076
40,40-2,10,click,1700675991
40,40-2,24,trailer_view,1700151306
40,40-2,40,impression,1700642706
40,40-2,75,impression,1700322122
40,40-2,34,click,1700041097
40,40-2,41,watchlist_add,1700918171
40,40-2,94,click,1700920618
40,40-2,33,watchlist_add,1700957638
40,40-2,14,click,1700099491
40,40-3,94,trailer_view,1700650387
40,40-3,24,watchlist_add,1700594488
40,40-3,34,trailer_view,1700511394
40,40-3,60,trailer_view,1700055048
40,40-3,61,watchlist_add,1700424005
40,40-3,81,impression,1700036920
41,41-0,86,click,1700451465
41,41-0,75,impression,1700194845
41,41-0,86,watchlist_add,1700694817
41,41-0,39,trailer_view,1700660921
41,41-0,79,impression,1700491307
41,41-0,79,watchlist_add,1700616910
41,41-0,52,trailer_view,1700266321
41,41-0,85,impression,1700005413
41,41-1,32,impression,1700994296
41,41-1,72,click,1700889942
41,41-1,11,click,1700608119
41,41-1,87,watchlist_add,1700496442
41,41-1,85,watchlist_add,1700394083
41,41-2,100,click,1700235842
41,41-2,56,impression,1700485960
41,41-2,92,trailer_view,1700807454
41,41-2,99,watchlist_add,1700371093
41,41-2,52,click,1700485890
41,41-2,68,trailer_view,1700730063
41,41-2,51,watchlist_add,1700155507
41,41-2,76,trailer_view,1700928340
41,41-3,92,watchlist_add,1700819018
41,41-3,57,watchlist_add,1700854088
41,41-3,50,impression,1700299254
41,41-3,6,click,1700154055
41,41-3,78,trailer_view,1700969104
41,41-3,50,click,1700850165
41,41-3,73,impression,1700603797
42,42-0,55,impression,1700420238
42,42-0,12,click,1700621761
42,42-0,75,trailer_view,1700401860
42,42-0,99,impression,1700741682
42,42-0,28,impression,1700550226
42,42-0,67,impression,1700759189
42,42-1,9,click,1700654979
42,42-1,67,impression,1700695851
42,42-1,92,watchlist_add,1700874412
42,42-1,60,watchlist_add,1700537274
42,42-1,94,impression,1700166473
42,42-1,77,impression,1700407626
42,42-2,43,watchlist_add,1700396560
42,42-2,15,watchlist_add,1700104773
42,42-2,34,impression,1700689216
42,42-2,38,trailer_view,1700212751
42,42-2,14,trailer_view,1700801118
42,42-2,87,watchlist_add,1700717289
42,42-2,66,trailer_view,1700810818
43,43-0,88,trailer_view,1700330984
43,43-0,43,impression,1700732480
43,43-0,48,watchlist_add,1700865440
43,43-0,31,impression,1700290877
43,43-0,11,watchlist_add,1700369123
43,43-0,59,impression,1700570563
43,43-0,67,click,1700854669
43,43-0,11,click,1700717676
43,43-0,59,impression,1700777974
43,43-1,97,click,1700250792
43,43-1,27,watchlist_add,1700363963
43,43-1,43,impression,1700589042
43,43-1,79,watchlist_add,1700975441
43,43-1,54,impression,1700046574
43,43-1,39,click,1700534088
43,43-1,87,click,1700061905
43,43-1,33,trailer_view,1700701909
43,43-1,10,impression,1700110044
43,43-2,60,trailer_view,1700098683
43,43-2,85,impression,1700576475
43,43-2,89,trailer_view,1700835690
43,43-2,96,impression,1700666355
43,43-2,43,impression,1700635029
43,43-2,33,trailer_view,1700939146
43,43-2,26,impression,1700806538
43,43-2,73,impression,1700272332
43,43-2,18,watchlist_add,1700966158
43,43-3,49,impression,1700002158
43,43-3,84,trailer_view,1700103991
43,43-3,35,watchlist_add,1700131605
43,43-3,78,click,1700599032
43,43-3,56,watchlist_add,1700200306
43,43-3,47,impression,1700122962
43,43-3,95,trailer_view,1700556320
43,43-3,37,impression,1700579545
43,43-3,17,impression,1700164019
43,43-4,39,watchlist_add,1700952274
43,43-4,98,trailer_view,1700964493
43,43-4,25,trailer_view,1700334310
43,43-4,15,watchlist_add,1700904379
43,43-4,93,click,1700604160
43,43-4,11,impression,1700104471
43,43-4,47,trailer_view,1700978047
43,43-4,68,trailer_view,1700801792
43,43-4,85,watchlist_add,1700262425
43,43-4,41,trailer_view,1700458774
43,43-5,33,impression,1700029257
43,43-5,31,trailer_view,1700685246
43,43-5,83,trailer_view,1700338507
43,43-5,89,click,1700893575
43,43-5,81,impression,1700125119
43,43-5,85,watchlist_add,1700818630
43,43-5,18,watchlist_add,1700644853
43,43-5,73,trailer_view,1700108702
43,43-6,62,trailer_view,1700552492
43,43-6,62,watchlist_add,1700734374
43,43-6,47,trailer_view,1700138444
43,43-6,88,trailer_view,1700953739
43,43-6,59,watchlist_add,1700721851
43,43-6,80,watchlist_add,1700771275
43,43-6,74,click,1700745928
43,43-6,28,trailer_view,1700526518
43,43-6,65,impression,1700005639
43,43-6,61,watchlist_add,1700724487
43,43-6,76,impression,1700851672
44,44-0,66,watchlist_add,1700911353
44,44-0,86,trailer_view,1700678247
44,44-0,82,impression,1700203128
44,44-0,82,impression,1700004235
44,44-0,46,watchlist_add,1700264958
44,44-0,60,click,1700207382
44,44-1,23,click,1700019404
44,44-1,1,click,1700969881
44,44-1,9,click,1700191588
44,44-1,92,click,1700598047
44,44-1,35,click,1700002659
44,44-1,2,watchlist_add,1700108297
44,44-1,62,watchlist_add,1700068299
44,44-1,31,watchlist_add,1700266570
44,44-1,88,trailer_view,1700856588
44,44-1,76,trailer_view,1700994446
44,44-1,82,impression,1700331930
44,44-1,54,watchlist_add,1700542693
44,44-2,53,watchlist_add,1700786560
44,44-2,8,watchlist_add,1700087062
44,44-2,18,impression,1700248675
44,44-2,1,watchlist_add,1700500799
44,44-2,91,trailer_view,1700053459
44,44-3,4,trailer_view,1700283870
44,44-3,83,click,1700067802
44,44-3,41,trailer_view,1700619022
44,44-3,41,click,1700466015
44,44-3,7,click,1700838675
44,44-3,59,click,1700912322
44,44-3,58,watchlist_add,1700337872
44,44-3,45,trailer_view,1700499473
44,44-3,51,watchlist_add,1700918552
44,44-3,17,trailer_view,1700921498
44,44-3,53,trailer_view,1700597571
44,44-3,46,impression,1700963952
44,44-4,20,click,1700056112
44,44-4,80,impression,1700264490
44,44-4,99,impression,1700339993
44,44-4,67,watchlist_add,1700511550
44,44-4,63,impression,1700224587
44,44-4,2,watchlist_add,1700590747
44,44-4,90,click,1700584440
44,44-4,86,watchlist_add,1700886295
44,44-4,78,click,1700167509
45,45-0,60,impression,1700346605
45,45-0,4,watchlist_add,1700420230
45,45-0,31,trailer_view,1700339392
45,45-0,84,impression,1700476144
45,45-0,56,watchlist_add,1700967990
45,45-0,1,watchlist_add,1700511825
45,45-0,38,watchlist_add,1700524287
45,45-0,1,impression,1700811844
45,45-0,87,impression,1700281309
45,45-0,14,watchlist_add,1700435357
45,45-0,87,click,1700911820
45,45-1,89,impression,1700907767
45,45-1,45,impression,1700593612
45,45-1,93,click,1700968815
45,45-1,2,impression,1700013664
45,45-1,73,trailer_view,1700014672
45,45-1,18,trailer_view,1700606555
45,45-1,31,trailer_view,1700770518
45,45-1,82,impression,1700105842
45,45-2,91,trailer_view,1700521031
45,45-2,83,trailer_view,1700580418
45,45-2,23,impression,1700061878
45,45-2,37,watchlist_add,1700678883
45,45-2,68,trailer_view,1700393716
45,45-2,34,click,1700886931
45,45-2,92,trailer_view,1700897664
45,45-2,45,impression,1700360953
45,45-2,33,impression,1700288395
45,45-2,32,click,1700772343
45,45-2,74,click,1700300115
45,45-3,76,trailer_view,1700041657
45,45-3,27,click,1700301142
45,45-3,46,click,1700561358
45,45-3,77,impression,1700439274
45,45-3,12,click,1700877196
45,45-3,65,click,1700554401
45,45-3,87,trailer_view,1700645670
45,45-3,27,trailer_view,1700080915
45,45-3,21,impression,1700959786
46,46-0,44,trailer_view,1700888527
46,46-0,45,trailer_view,1700884346
46,46-0,88,trailer_view,1700789368
46,46-0,98,impression,1700899286
46,46-0,76,click,1700421481
46,46-0,67,impression,1700176250
46,46-0,17,watchlist_add,1700340665
46,46-0,79,impression,1700539904
46,46-0,18,watchlist_add,1700695315
46,46-0,8,click,1700340407
46,46-0,98,impression,1700100189
46,46-0,99,click,1700917957
46,46-1,7,click,1700412231
46,46-1,63,watchlist_add,1700361359
46,46-1,2,click,1700097454
46,46-1,25,watchlist_add,1700384221
46,46-1,1,impression,1700776101
46,46-1,19,impression,1700897461
46,46-1,31,watchlist_add,1700234074
46,46-1,3,trailer_view,1700463058
46,46-1,30,click,1700868697
46,46-2,71,watchlist_add,1700613134
46,46-2,10,trailer_view,1700357446
46,46-2,11,watchlist_add,1700290614
46,46-2,3,impression,1700389488
46,46-2,56,watchlist_add,1700457950
46,46-2,85,watchlist_add,1700647939
46,46-2,47,click,1700172564
46,46-2,5,watchlist_add,1700656179
46,46-2,7,impression,1700713766
46,46-2,24,impression,1700156639
46,46-3,22,watchlist_add,1700191027
46,46-3,10,click,1700287350
46,46-3,29,click,1700511677
46,46-3,12,impression,1700800856
46,46-3,42,click,1700438067
46,46-3,15,click,1700448157
46,46-3,81,trailer_view,1700258185
46,46-3,45,click,1700185702
46,46-3,55,trailer_view,1700692562
46,46-3,42,trailer_view,1700388275
46,46-3,26,watchlist_add,1700041480
46,46-3,74,trailer_view,1700100631
46,46-4,73,watchlist_add,1700674682
46,46-4,76,impression,1700177456
46,46-4,85,click,1700991932
46,46-4,20,watchlist_add,1700272391
46,46-4,10,trailer_view,1700195377
46,46-4,40,watchlist_add,1700026494
47,47-0,67,trailer_view,1700863324
47,47-0,65,impression,1700473216
47,47-0,51,impression,1700837879
47,47-0,92,watchlist_add,1700900399
47,47-0,69,watchlist_add,1700368078
47,47-0,73,impression,1700629274
47,47-0,76,impression,1700275058
47,47-0,75,watchlist_add,1700719754
47,47-1,72,impression,1700231348
47,47-1,2,click,1700337792
47,47-1,52,impression,1700319992
47,47-1,46,trailer_view,1700056219
47,47-1,93,trailer_view,1700266608
47,47-1,88,trailer_view,1700727243
47,47-1,25,click,1700569715
47,47-2,50,trailer_view,1700684419
47,47-2,77,trailer_view,1700785158
47,47-2,100,trailer_view,1700322248
47,47-2,31,click,1700785898
47,47-2,54,click,1700301171
47,47-2,18,watchlist_add,1700074616
47,47-2,73,trailer_view,1700514734
47,47-2,38,impression,1700699253
47,47-2,40,trailer_view,1700308708
47,47-3,73,impression,1700508177
47,47-3,98,impression,1700044043
47,47-3,95,trailer_view,1700756833
47,47-3,42,impression,1700371613
47,47-3,31,watchlist_add,1700105778
47,47-3,94,trailer_view,1700174235
47,47-3,48,trailer_view,1700438562
47,47-3,81,trailer_view,1700839469
47,47-3,79,impression,1700916354
47,47-3,89,trailer_view,1700498040
47,47-3,82,impression,1700838754
48,48-0,62,trailer_view,1700897168
48,48-0,56,trailer_view,1700834362
48,48-0,7,trailer_view,1700358411
48,48-0,43,click,1700567717
48,48-0,46,click,1700578477
48,48-0,58,watchlist_add,1700308967
48,48-0,93,click,1700580455
48,48-1,66,click,1700258322
48,48-1,39,click,1700632194
48,48-1,44,click,1700239064
48,48-1,98,click,1700391484
48,48-1,1,trailer_view,1700553640
48,48-1,11,click,1700941697
48,48-1,53,trailer_view,1700175912
48,48-1,59,click,1700278266
48,48-1,34,trailer_view,1700178039
48,48-1,8,trailer_view,1700431535
48,48-1,57,watchlist_add,1700678213
48,48-1,4,click,1700202553
48,48-2,15,impression,1700463176
48,48-2,35,impression,1700816983
48,48-2,20,watchlist_add,1700518423
48,48-2,44,watchlist_add,1700540680
48,48-2,40,trailer_view,1700483919
48,48-2,83,watchlist_add,1700833375
48,48-3,3,trailer_view,1700811373
48,48-3,91,click,1700610889
48,48-3,84,click,1700021757
48,48-3,72,click,1700006701
48,48-3,82,trailer_view,1700017378
48,48-3,70,click,1700412833
48,48-3,9,click,1700095542
48,48-3,41,click,1700215800
48,48-3,82,trailer_view,1700028401
48,48-3,70,watchlist_add,1700994322
48,48-3,63,trailer_view,1700203908
48,48-4,8,watchlist_add,1700717104
48,48-4,99,watchlist_add,1700012265
48,48-4,43,impression,1700529299
48,48-4,62,impression,1700551930
48,48-4,100,impression,1700595211
48,48-4,74,click,1700147571
48,48-4,34,click,1700587378
48,48-4,97,impression,1700489955
48,48-4,37,trailer_view,1700314847
48,48-4,9,trailer_view,1700307297
48,48-4,25,trailer_view,1700958020
48,48-5,77,trailer_view,1700084390
48,48-5,79,click,1700848230
48,48-5,69,watchlist_add,1700907670
48,48-5,39,impression,1700676203
48,48-5,57,impression,1700011464
48,48-5,25,watchlist_add,1700524998
48,48-5,16,impression,1700177945
48,48-5,7,click,1700626213
48,48-5,67,impression,1700637106
48,48-5,70,watchlist_add,1700595464
48,48-6,82,watchlist_add,1700260990
48,48-6,36,trailer_view,1700268205
48,48-6,15,click,1700077394
48,48-6,90,trailer_view,1700006703
48,48-6,85,watchlist_add,1700682222
48,48-6,84,trailer_view,1700608847
49,49-0,93,watchlist_add,1700567666
49,49-0,6,impression,1700687331
49,49-0,98,impression,1700374490
49,49-0,25,watchlist_add,1700789735
49,49-0,88,impression,1700530412
49,49-0,38,trailer_view,1700828322
49,49-0,14,click,1700031451
49,49-0,88,impression,1700959653
49,49-0,2,watchlist_add,1700230465
49,49-0,22,trailer_view,1700067132
49,49-1,80,impression,1700234851
49,49-1,6,impression,1700659566
49,49-1,60,click,1700849588
49,49-1,53,watchlist_add,1700725274
49,49-1,100,watchlist_add,1700448953
49,49-2,43,trailer_view,1700354811
49,49-2,98,trailer_view,1700691473
49,49-2,12,impression,1700383638
49,49-2,24,watchlist_add,1700415348
49,49-2,94,trailer_view,1700816756
49,49-2,86,click,1700501503
50,50-0,42,impression,1700879041
50,50-0,10,click,1700568302
50,50-0,76,click,1700949355
50,50-0,95,trailer_view,1700590548
50,50-0,79,watchlist_add,1700373956
50,50-0,19,click,1700763299
50,50-0,48,impression,1700040738
50,50-0,7,trailer_view,1700792087
50,50-0,67,impression,1700006698
50,50-0,10,watchlist_add,1700699297
50,50-0,67,click,1700104426
50,50-1,100,trailer_view,1700888232
50,50-1,11,trailer_view,1700173582
50,50-1,19,trailer_view,1700182761
50,50-1,74,click,1700408139
50,50-1,96,trailer_view,1700310999
50,50-1,96,trailer_view,1700784207
50,50-2,43,trailer_view,1700385545
50,50-2,70,watchlist_add,1700181075
50,50-2,70,watchlist_add,1700611173
50,50-2,25,trailer_view,1700361165
50,50-2,69,click,1700147741
50,50-2,84,impression,1700442666
50,50-2,77,click,1700713042
50,50-3,9,click,1700365111
50,50-3,54,trailer_view,1700506576
50,50-3,42,click,1700863802
50,50-3,77,click,1700738623
50,50-3,95,click,1700068903
50,50-4,74,click,1700505721
50,50-4,5,watchlist_add,1700558742
50,50-4,85,watchlist_add,1700480003
50,50-4,63,watchlist_add,1700231712
50,50-4,44,impression,1700084860
50,50-4,63,click,1700094158
50,50-4,55,click,1700939811
50,50-4,76,impression,1700382519
50,50-5,8,click,1700950042
50,50-5,2,trailer_view,1700241141
50,50-5,80,impression,1700015850
50,50-5,88,watchlist_add,1700626622
50,50-5,41,watchlist_add,1700447290
50,50-5,5,click,1700704583
50,50-5,56,trailer_view,1700134242
50,50-5,5,watchlist_add,1700731570
50,50-5,1,click,1700014254
50,50-5,83,trailer_view,1700506058
50,50-5,25,click,1700339535
50,50-5,64,click,1700699719
